{"cameraMode":{"drawMode":0,"name":"Shaded","section":"Shading Mode"},"sceneLighting":true,"audioPlay":false,"sceneViewState":{"m_AlwaysRefresh":false,"showFog":true,"showSkybox":true,"showFlares":true,"showImageEffects":true,"showParticleSystems":true,"showVisualEffectGraphs":true,"m_FxEnabled":true},"in2DMode":false,"pivot":{"x":-8.224916458129883,"y":-12.403675079345704,"z":94.43429565429688},"rotation":{"x":0.08836076408624649,"y":-0.02360880933701992,"z":0.0020961593836545946,"w":0.9958122372627258},"size":73.04276275634766,"orthographic":true}